{
  "epoch": 37,
  "metrics": {
    "accuracy": 0.8836436170212766,
    "f1": 0.5257452574525745,
    "roc_auc": 0.8980378808575817,
    "pr_auc": 0.5051244328784101,
    "ece": 0.05519674936349087,
    "specificity_at_95sens": 0.0
  },
  "timestamp": "2025-12-01 15:15:13"
}