{
  "epoch": 31,
  "metrics": {
    "accuracy": 0.886968085106383,
    "f1": 0.5618556701030928,
    "roc_auc": 0.8971914062674948,
    "pr_auc": 0.5580459949728926,
    "ece": 0.06773288982444779,
    "specificity_at_95sens": 0.0
  },
  "timestamp": "2025-12-01 14:59:41"
}