{
  "epoch": 33,
  "metrics": {
    "accuracy": 0.8404255319148937,
    "f1": 0.5141700404858299,
    "roc_auc": 0.8998383188745919,
    "pr_auc": 0.5335221976426461,
    "ece": 0.12959870796011602,
    "specificity_at_95sens": 0.0
  },
  "timestamp": "2025-12-01 15:29:40"
}