{
  "epoch": 33,
  "metrics": {
    "accuracy": 0.8444148936170213,
    "f1": 0.5282258064516129,
    "roc_auc": 0.8994217996318508,
    "pr_auc": 0.5678696054568552,
    "ece": 0.12498098073720418,
    "specificity_at_95sens": 0.0
  },
  "timestamp": "2025-12-01 15:44:25"
}