{
  "epoch": 11,
  "metrics": {
    "val_loss": 0.030338804210685417,
    "accuracy": 0.8730053191489362,
    "precision": 0.4495798319327731,
    "recall": 0.6407185628742516,
    "f1": 0.528395061728395,
    "specificity": 0.9020194465220643,
    "roc_auc": 0.8999726799206373,
    "pr_auc": 0.5762698861541952,
    "ece": 0.14018087787305974,
    "specificity_at_95sens": 0.0,
    "ppv_at_95sens": 0.1110372340425532,
    "npv_at_95sens": 0.0
  },
  "timestamp": "2025-11-26 22:37:03"
}