{
  "epoch": 29,
  "metrics": {
    "val_loss": 0.03141990033234717,
    "accuracy": 0.7912234042553191,
    "precision": 0.30606860158311344,
    "recall": 0.6946107784431138,
    "f1": 0.4249084249084249,
    "specificity": 0.8032909498878086,
    "roc_auc": 0.8657867511051196,
    "pr_auc": 0.47497596002752784,
    "ece": 0.19356032494614098,
    "specificity_at_95sens": 0.0,
    "ppv_at_95sens": 0.1110372340425532,
    "npv_at_95sens": 0.0
  },
  "timestamp": "2025-11-26 12:45:23"
}