{
  "epoch": 28,
  "metrics": {
    "val_loss": 0.03293600797711561,
    "accuracy": 0.7839095744680851,
    "precision": 0.3015075376884422,
    "recall": 0.718562874251497,
    "f1": 0.4247787610619469,
    "specificity": 0.7920718025430067,
    "roc_auc": 0.8596778022115829,
    "pr_auc": 0.47060385596776066,
    "ece": 0.18793239255071656,
    "specificity_at_95sens": 0.0,
    "ppv_at_95sens": 0.1110372340425532,
    "npv_at_95sens": 0.0
  },
  "timestamp": "2025-11-26 18:09:03"
}