{
  "epoch": 21,
  "metrics": {
    "val_loss": 0.03314743029183406,
    "accuracy": 0.7646276595744681,
    "precision": 0.2810304449648712,
    "recall": 0.718562874251497,
    "f1": 0.40404040404040403,
    "specificity": 0.7703814510097232,
    "roc_auc": 0.8514369913874569,
    "pr_auc": 0.4352067291566092,
    "ece": 0.20937247271649542,
    "specificity_at_95sens": 0.0,
    "ppv_at_95sens": 0.1110372340425532,
    "npv_at_95sens": 0.0
  },
  "timestamp": "2025-11-27 11:52:03"
}