{
  "epoch": 12,
  "metrics": {
    "val_loss": 0.029674582210916806,
    "accuracy": 0.8743351063829787,
    "precision": 0.45491803278688525,
    "recall": 0.6646706586826348,
    "f1": 0.5401459854014599,
    "specificity": 0.900523560209424,
    "roc_auc": 0.9037571827175865,
    "pr_auc": 0.6166613175750167,
    "ece": 0.13470912868394813,
    "specificity_at_95sens": 0.0,
    "ppv_at_95sens": 0.1110372340425532,
    "npv_at_95sens": 0.0
  },
  "timestamp": "2025-11-26 22:08:35"
}