{
  "epoch": 6,
  "metrics": {
    "val_loss": 0.03916399405422086,
    "accuracy": 0.8836436170212766,
    "precision": 0.4801980198019802,
    "recall": 0.5808383233532934,
    "f1": 0.5257452574525745,
    "specificity": 0.9214659685863874,
    "roc_auc": 0.8756891601986753,
    "pr_auc": 0.5266498791235621,
    "ece": 0.12602927877587525,
    "specificity_at_95sens": 0.0,
    "ppv_at_95sens": 0.1110372340425532,
    "npv_at_95sens": 0.0
  },
  "timestamp": "2025-11-27 03:02:51"
}