{
  "epoch": 28,
  "metrics": {
    "val_loss": 0.044526189958405474,
    "accuracy": 0.8863031914893617,
    "precision": 0.4896907216494845,
    "recall": 0.5688622754491018,
    "f1": 0.5263157894736842,
    "specificity": 0.9259536275243081,
    "roc_auc": 0.8852825388863261,
    "pr_auc": 0.5091267351557541,
    "ece": 0.08338726065716053,
    "specificity_at_95sens": 0.0,
    "ppv_at_95sens": 0.1110372340425532,
    "npv_at_95sens": 0.0
  },
  "timestamp": "2025-11-27 01:40:59"
}