{
  "epoch": 24,
  "metrics": {
    "val_loss": 0.06210125201633151,
    "accuracy": 0.9002659574468085,
    "precision": 0.5485714285714286,
    "recall": 0.5748502994011976,
    "f1": 0.5614035087719298,
    "specificity": 0.9409124906507106,
    "roc_auc": 0.8883414920346293,
    "pr_auc": 0.5599890593859271,
    "ece": 0.05210134799176075,
    "specificity_at_95sens": 0.0,
    "ppv_at_95sens": 0.1110372340425532,
    "npv_at_95sens": 0.0
  },
  "timestamp": "2025-11-27 00:23:23"
}