{
  "epoch": 4,
  "metrics": {
    "val_loss": 0.030953734736651816,
    "accuracy": 0.8277925531914894,
    "precision": 0.36470588235294116,
    "recall": 0.7425149700598802,
    "f1": 0.4891518737672584,
    "specificity": 0.8384442782348541,
    "roc_auc": 0.883388048137084,
    "pr_auc": 0.5001492352709593,
    "ece": 0.22014193974950524,
    "specificity_at_95sens": 0.0,
    "ppv_at_95sens": 0.1110372340425532,
    "npv_at_95sens": 0.0
  },
  "timestamp": "2025-11-27 02:14:01"
}