{
  "epoch": 4,
  "metrics": {
    "val_loss": 0.03003249113154449,
    "accuracy": 0.8769946808510638,
    "precision": 0.45714285714285713,
    "recall": 0.5748502994011976,
    "f1": 0.5092838196286472,
    "specificity": 0.9147344801795063,
    "roc_auc": 0.8836791637368494,
    "pr_auc": 0.495808728020575,
    "ece": 0.15861860959681662,
    "specificity_at_95sens": 0.0,
    "ppv_at_95sens": 0.1110372340425532,
    "npv_at_95sens": 0.0
  },
  "timestamp": "2025-11-27 03:56:46"
}