{
  "epoch": 19,
  "metrics": {
    "val_loss": 0.19028946137095384,
    "accuracy": 0.3390957446808511,
    "precision": 0.14074717636837533,
    "recall": 0.9700598802395209,
    "f1": 0.24582701062215478,
    "specificity": 0.26028421839940163,
    "roc_auc": 0.7837862047035323,
    "pr_auc": 0.26523587799132536,
    "ece": 0.5635762220679564,
    "specificity_at_95sens": 0.0,
    "ppv_at_95sens": 0.1110372340425532,
    "npv_at_95sens": 0.0
  },
  "timestamp": "2025-12-01 12:33:11"
}