{
  "epoch": 23,
  "metrics": {
    "val_loss": 0.03429066363636632,
    "accuracy": 0.776595744680851,
    "precision": 0.2944038929440389,
    "recall": 0.7245508982035929,
    "f1": 0.4186851211072664,
    "specificity": 0.7830964846671653,
    "roc_auc": 0.8539629790531129,
    "pr_auc": 0.4662794081434693,
    "ece": 0.21937764157105158,
    "specificity_at_95sens": 0.0,
    "ppv_at_95sens": 0.1110372340425532,
    "npv_at_95sens": 0.0
  },
  "timestamp": "2025-11-26 20:09:54"
}