{
  "epoch": 23,
  "metrics": {
    "val_loss": 0.05244870241284495,
    "accuracy": 0.9009308510638298,
    "precision": 0.5511363636363636,
    "recall": 0.5808383233532934,
    "f1": 0.565597667638484,
    "specificity": 0.9409124906507106,
    "roc_auc": 0.9134311780328646,
    "pr_auc": 0.594035838186621,
    "ece": 0.0441958197037085,
    "specificity_at_95sens": 0.0,
    "ppv_at_95sens": 0.1110372340425532,
    "npv_at_95sens": 0.0
  },
  "timestamp": "2025-11-26 23:26:11"
}