{
  "student_T1.0_alpha0.5": {
    "accuracy": 0.9048248512888302,
    "precision": 0.5608695652173913,
    "recall": 0.75,
    "f1": 0.6417910447761194,
    "specificity": 0.9246830723340791,
    "roc_auc": 0.9213533808508056,
    "pr_auc": 0.6634238311584342,
    "threshold_at_target_sens": 0.0001843140198616311,
    "specificity_at_target_sens": 0.0,
    "ppv_at_target_sens": 0.11368142762723067,
    "npv_at_target_sens": 0.0,
    "ece": 0.07213715367112739,
    "mce": 0.3554589461397242,
    "n_samples": 1513,
    "n_positive": 172,
    "n_negative": 1341
  },
  "student_T1.0_alpha0.9": {
    "accuracy": 0.8982154659616656,
    "precision": 0.5409090909090909,
    "recall": 0.6918604651162791,
    "f1": 0.6071428571428571,
    "specificity": 0.9246830723340791,
    "roc_auc": 0.9157908884379932,
    "pr_auc": 0.6225831674038236,
    "threshold_at_target_sens": 0.00031648395815864205,
    "specificity_at_target_sens": 0.0,
    "ppv_at_target_sens": 0.11368142762723067,
    "npv_at_target_sens": 0.0,
    "ece": 0.06373948017375326,
    "mce": 0.28730173826217653,
    "n_samples": 1513,
    "n_positive": 172,
    "n_negative": 1341
  },
  "student_T2.0_alpha0.5": {
    "accuracy": 0.8486450760079313,
    "precision": 0.4183381088825215,
    "recall": 0.8488372093023255,
    "f1": 0.5604606525911708,
    "specificity": 0.84862043251305,
    "roc_auc": 0.919961673863656,
    "pr_auc": 0.6451377708140346,
    "threshold_at_target_sens": 0.0004783305630553514,
    "specificity_at_target_sens": 0.0,
    "ppv_at_target_sens": 0.11368142762723067,
    "npv_at_target_sens": 0.0,
    "ece": 0.134026646919386,
    "mce": 0.5960587348256793,
    "n_samples": 1513,
    "n_positive": 172,
    "n_negative": 1341
  },
  "student_T2.0_alpha0.9": {
    "accuracy": 0.8466622604097819,
    "precision": 0.4142857142857143,
    "recall": 0.8430232558139535,
    "f1": 0.5555555555555556,
    "specificity": 0.8471290082028337,
    "roc_auc": 0.9186870263427154,
    "pr_auc": 0.6097022487754736,
    "threshold_at_target_sens": 0.0003521653707139194,
    "specificity_at_target_sens": 0.0,
    "ppv_at_target_sens": 0.11368142762723067,
    "npv_at_target_sens": 0.0,
    "ece": 0.12992782755006999,
    "mce": 0.5186253119917477,
    "n_samples": 1513,
    "n_positive": 172,
    "n_negative": 1341
  }
}