{"mean_fit_time": [18.444646024703978, 415.06298904418946, 38.420157289505006, 6.313401937484741, 49.995344161987305, 115.1820912361145, 697.7528156757355, 673.0694641590119, 63.89704551696777, 209.13887119293213, 986.1334442138672, 508.8075023174286, 114.3773726940155, 158.7527048587799, 2021.786418390274, 14.584273481369019, 293.923493719101, 14.383507013320923, 401.9335196495056, 27.08358998298645, 57.275950002670285, 19.412126207351683, 387.4768924713135, 345.0634591579437, 36.93050842285156, 182.62479033470154, 35.43701434135437, 344.5068242549896, 652.6109188556671, 711.8441468238831], "std_fit_time": [4.475943599781741, 1.9634443606272163, 1.3593597853498216, 0.9106918320578193, 0.6443651316807769, 2.416843247397575, 7.994747982502661, 10.904035695146188, 1.4738556403881573, 1.9064335607257248, 11.297974557038282, 7.137689853684157, 2.080663132122517, 3.479432920594706, 16.952130372701887, 0.33104515266255125, 2.454196100696133, 0.1409192844103997, 3.7576195026408192, 0.621603484437996, 0.4522411184177754, 0.4048683646421463, 6.819027823474049, 2.8305532835340377, 2.6506158174948147, 1.3804881216164233, 0.5598362287531121, 5.280259938140412, 6.282379219191702, 75.07907816575357], "mean_score_time": [0.18768925666809083, 0.23120660781860353, 0.3559305191040039, 0.02513914108276367, 0.44666447639465334, 0.06689400672912597, 0.06455621719360352, 0.05386438369750977, 0.026449108123779298, 0.04632434844970703, 0.13149218559265136, 0.037852001190185544, 0.037397575378417966, 0.01937394142150879, 0.1164712905883789, 0.052041816711425784, 0.021629476547241212, 0.05182085037231445, 0.11828823089599609, 0.16729025840759276, 0.15782675743103028, 0.02565164566040039, 0.024873828887939452, 0.026840639114379884, 0.061700630187988284, 0.01622881889343262, 0.056459474563598636, 0.037485599517822266, 0.050890207290649414, 0.05294413566589355], "std_score_time": [0.11352632497948065, 0.08567751868703538, 0.20725882919671967, 0.0062192514806634035, 0.08654451422135237, 0.031154572227775627, 0.021223332979804815, 0.034592278704829574, 0.006241665844205516, 0.024571624858357573, 0.08215057514759662, 0.015087446152892215, 0.01013483004322442, 0.004189052997926171, 0.011919509067851901, 0.016746005114970916, 0.005990629065837487, 0.01565614861767434, 0.08906420835214232, 0.09948304108817231, 0.09895520140294077, 0.013633796170925732, 0.008321050195815432, 0.008403900888981089, 0.017754238696967666, 0.0013346510351577249, 0.016159913527912535, 0.01282371144521126, 0.013572863156207076, 0.010714709915785117], "param_n_estimators": [400, 800, 800, 100, 800, 800, 800, 400, 100, 400, 800, 200, 200, 100, 800, 400, 100, 400, 800, 800, 800, 200, 100, 200, 400, 100, 400, 200, 400, 400], "param_min_samples_split": [10, 10, 2, 2, 2, 10, 10, 2, 2, 2, 5, 5, 10, 2, 2, 2, 2, 2, 2, 5, 5, 10, 5, 10, 2, 10, 5, 10, 10, 5], "param_min_samples_leaf": [4, 4, 2, 2, 1, 1, 1, 1, 1, 2, 4, 4, 1, 2, 4, 2, 4, 4, 2, 4, 4, 2, 1, 1, 1, 2, 4, 1, 1, 2], "param_max_features": ["log2", 0.2, "log2", "log2", "log2", "sqrt", 0.5, 0.5, 0.2, 0.2, 0.5, null, 0.2, 0.5, null, "log2", null, "log2", 0.2, "log2", "sqrt", "sqrt", null, null, "sqrt", null, "sqrt", 0.5, 0.5, null], "param_max_depth": [null, 80, 10, 40, null, 80, 10, null, null, null, null, 20, 80, null, 40, 40, null, 20, 20, null, 10, 80, 40, 10, 40, 10, null, 80, 40, 20], "params": "[{'n_estimators': 400, 'min_samples_split': 10, 'min_samples_leaf': 4, 'max_features': 'log2', 'max_depth': None}, {'n_estimators': 800, 'min_samples_split': 10, 'min_samples_leaf': 4, 'max_features': 0.2, 'max_depth': 80}, {'n_estimators': 800, 'min_samples_split': 2, 'min_samples_leaf': 2, 'max_features': 'log2', 'max_depth': 10}, {'n_estimators': 100, 'min_samples_split': 2, 'min_samples_leaf': 2, 'max_features': 'log2', 'max_depth': 40}, {'n_estimators': 800, 'min_samples_split': 2, 'min_samples_leaf': 1, 'max_features': 'log2', 'max_depth': None}, {'n_estimators': 800, 'min_samples_split': 10, 'min_samples_leaf': 1, 'max_features': 'sqrt', 'max_depth': 80}, {'n_estimators': 800, 'min_samples_split': 10, 'min_samples_leaf': 1, 'max_features': 0.5, 'max_depth': 10}, {'n_estimators': 400, 'min_samples_split': 2, 'min_samples_leaf': 1, 'max_features': 0.5, 'max_depth': None}, {'n_estimators': 100, 'min_samples_split': 2, 'min_samples_leaf': 1, 'max_features': 0.2, 'max_depth': None}, {'n_estimators': 400, 'min_samples_split': 2, 'min_samples_leaf': 2, 'max_features': 0.2, 'max_depth': None}, {'n_estimators': 800, 'min_samples_split': 5, 'min_samples_leaf': 4, 'max_features': 0.5, 'max_depth': None}, {'n_estimators': 200, 'min_samples_split': 5, 'min_samples_leaf': 4, 'max_features': None, 'max_depth': 20}, {'n_estimators': 200, 'min_samples_split': 10, 'min_samples_leaf': 1, 'max_features': 0.2, 'max_depth': 80}, {'n_estimators': 100, 'min_samples_split': 2, 'min_samples_leaf': 2, 'max_features': 0.5, 'max_depth': None}, {'n_estimators': 800, 'min_samples_split': 2, 'min_samples_leaf': 4, 'max_features': None, 'max_depth': 40}, {'n_estimators': 400, 'min_samples_split': 2, 'min_samples_leaf': 2, 'max_features': 'log2', 'max_depth': 40}, {'n_estimators': 100, 'min_samples_split': 2, 'min_samples_leaf': 4, 'max_features': None, 'max_depth': None}, {'n_estimators': 400, 'min_samples_split': 2, 'min_samples_leaf': 4, 'max_features': 'log2', 'max_depth': 20}, {'n_estimators': 800, 'min_samples_split': 2, 'min_samples_leaf': 2, 'max_features': 0.2, 'max_depth': 20}, {'n_estimators': 800, 'min_samples_split': 5, 'min_samples_leaf': 4, 'max_features': 'log2', 'max_depth': None}, {'n_estimators': 800, 'min_samples_split': 5, 'min_samples_leaf': 4, 'max_features': 'sqrt', 'max_depth': 10}, {'n_estimators': 200, 'min_samples_split': 10, 'min_samples_leaf': 2, 'max_features': 'sqrt', 'max_depth': 80}, {'n_estimators': 100, 'min_samples_split': 5, 'min_samples_leaf': 1, 'max_features': None, 'max_depth': 40}, {'n_estimators': 200, 'min_samples_split': 10, 'min_samples_leaf': 1, 'max_features': None, 'max_depth': 10}, {'n_estimators': 400, 'min_samples_split': 2, 'min_samples_leaf': 1, 'max_features': 'sqrt', 'max_depth': 40}, {'n_estimators': 100, 'min_samples_split': 10, 'min_samples_leaf': 2, 'max_features': None, 'max_depth': 10}, {'n_estimators': 400, 'min_samples_split': 5, 'min_samples_leaf': 4, 'max_features': 'sqrt', 'max_depth': None}, {'n_estimators': 200, 'min_samples_split': 10, 'min_samples_leaf': 1, 'max_features': 0.5, 'max_depth': 80}, {'n_estimators': 400, 'min_samples_split': 10, 'min_samples_leaf': 1, 'max_features': 0.5, 'max_depth': 40}, {'n_estimators': 400, 'min_samples_split': 5, 'min_samples_leaf': 2, 'max_features': None, 'max_depth': 20}]", "split0_test_score": [0.8596570076877587, 0.8673132268874434, 0.8606031933767002, 0.8472402917405873, 0.8586773112556673, 0.8566449832446285, 0.8637216637098364, 0.8506524738813325, 0.8557066824364281, 0.8613246599645179, 0.8639897496550365, 0.8651527695643604, 0.8524935935343977, 0.8530376503055391, 0.861411393652671, 0.8631500098561009, 0.8614784151389709, 0.8672343780800315, 0.8628109599842302, 0.8674196727774492, 0.8689729942834614, 0.8526631184703332, 0.8494795978710822, 0.8623772915434653, 0.8588724620540114, 0.860796372954859, 0.8671594717129902, 0.8535619948748274, 0.8514409619554504, 0.8618884289375124], "split1_test_score": [0.8354622511334516, 0.8381904198698995, 0.8344332741967279, 0.8355391287206781, 0.8308180563768972, 0.8303646757342794, 0.8397555686970234, 0.8289867928247585, 0.8242755765819042, 0.8381687364478613, 0.8388172678888232, 0.8333254484525923, 0.8307727183126354, 0.8233412182140745, 0.8372363493002168, 0.8390952099349498, 0.8290479006505027, 0.8404494382022472, 0.8391444904395821, 0.8387620737236349, 0.8393061304947764, 0.8314527892765622, 0.8133688152966687, 0.8332071752414745, 0.833351074315001, 0.829304159274591, 0.8363729548590579, 0.8267455154740785, 0.8293475261186675, 0.8317957815888034],