{
  "accuracy": 0.8506278916060807,
  "precision": 0.4166666666666667,
  "recall": 0.7848837209302325,
  "f1": 0.5443548387096774,
  "specificity": 0.8590604026845637,
  "roc_auc": 0.920325858869639,
  "pr_auc": 0.648631435080976,
  "threshold_at_target_sens": 1.782696301688702e-07,
  "specificity_at_target_sens": 0.0,
  "ppv_at_target_sens": 0.11368142762723067,
  "npv_at_target_sens": 0.0,
  "ece": 0.20120598376782148,
  "mce": 0.3644745632817474,
  "n_samples": 1513,
  "n_positive": 172,
  "n_negative": 1341
}