{
  "accuracy": 0.8420356906807667,
  "precision": 0.4034582132564842,
  "recall": 0.813953488372093,
  "f1": 0.5394990366088632,
  "specificity": 0.8456375838926175,
  "roc_auc": 0.9206076686956975,
  "pr_auc": 0.6662880469074935,
  "threshold_at_target_sens": 2.0366519137837713e-08,
  "specificity_at_target_sens": 0.0,
  "ppv_at_target_sens": 0.11368142762723067,
  "npv_at_target_sens": 0.0,
  "ece": 0.19717880027702286,
  "mce": 0.37079921235208924,
  "n_samples": 1513,
  "n_positive": 172,
  "n_negative": 1341
}