{
  "accuracy": 0.8116325181758096,
  "precision": 0.35400516795865633,
  "recall": 0.7965116279069767,
  "f1": 0.49016100178890876,
  "specificity": 0.8135719612229679,
  "roc_auc": 0.8982926660076652,
  "pr_auc": 0.5688232623734049,
  "threshold_at_target_sens": 9.72593045597131e-15,
  "specificity_at_target_sens": 0.0,
  "ppv_at_target_sens": 0.11368142762723067,
  "npv_at_target_sens": 0.0,
  "ece": 0.2050981883178739,
  "mce": 0.4287649376432323,
  "n_samples": 1513,
  "n_positive": 172,
  "n_negative": 1341
}