{
  "accuracy": 0.8374091209517515,
  "precision": 0.391812865497076,
  "recall": 0.7790697674418605,
  "f1": 0.5214007782101168,
  "specificity": 0.8448918717375093,
  "roc_auc": 0.9065778748937794,
  "pr_auc": 0.6069690603597653,
  "threshold_at_target_sens": 0.0007528837886638939,
  "specificity_at_target_sens": 0.0,
  "ppv_at_target_sens": 0.11368142762723067,
  "npv_at_target_sens": 0.0,
  "ece": 0.19755290598859082,
  "mce": 0.37170317478296233,
  "n_samples": 1513,
  "n_positive": 172,
  "n_negative": 1341
}