{
  "accuracy": 0.8321216126900198,
  "precision": 0.38285714285714284,
  "recall": 0.7790697674418605,
  "f1": 0.5134099616858238,
  "specificity": 0.8389261744966443,
  "roc_auc": 0.9012104815913151,
  "pr_auc": 0.5923853206004224,
  "threshold_at_target_sens": 1.7183720046887174e-05,
  "specificity_at_target_sens": 0.0,
  "ppv_at_target_sens": 0.11368142762723067,
  "npv_at_target_sens": 0.0,
  "ece": 0.20637446315928318,
  "mce": 0.38607028428088414,
  "n_samples": 1513,
  "n_positive": 172,
  "n_negative": 1341
}