{
  "accuracy": 0.8466622604097819,
  "precision": 0.4142857142857143,
  "recall": 0.8430232558139535,
  "f1": 0.5555555555555556,
  "specificity": 0.8471290082028337,
  "roc_auc": 0.9186870263427154,
  "pr_auc": 0.6097022487754736,
  "threshold_at_target_sens": 0.0003521653707139194,
  "specificity_at_target_sens": 0.0,
  "ppv_at_target_sens": 0.11368142762723067,
  "npv_at_target_sens": 0.0,
  "ece": 0.12992782755006999,
  "mce": 0.5186253119917477,
  "n_samples": 1513,
  "n_positive": 172,
  "n_negative": 1341
}