{
  "generated": "2025-12-01T16:33:31.690820",
  "experiments": [
    {
      "name": "teacher_resnet18_focal",
      "type": "teacher",
      "completed": true,
      "metrics": {
        "accuracy": 0.8030403172504957,
        "precision": 0.34405940594059403,
        "recall": 0.8081395348837209,
        "f1": 0.4826388888888889,
        "specificity": 0.8023862788963461,
        "roc_auc": 0.9016657128487939,
        "pr_auc": 0.5630245535919599,
        "threshold_at_target_sens": 5.364253411244135e-06,
        "specificity_at_target_sens": 0.0,
        "ppv_at_target_sens": 0.11368142762723067,
        "npv_at_target_sens": 0.0,
        "ece": 0.19371618507263763,
        "mce": 0.4122130943953625,
        "n_samples": 1513,
        "n_positive": 172,
        "n_negative": 1341
      }
    },
    {
      "name": "teacher_resnet34_focal",
      "type": "teacher",
      "completed": true,
      "metrics": {
        "accuracy": 0.813615333773959,
        "precision": 0.35602094240837695,
        "recall": 0.7906976744186046,
        "f1": 0.49097472924187724,
        "specificity": 0.8165548098434005,
        "roc_auc": 0.8990643913774865,
        "pr_auc": 0.5631964619319713,
        "threshold_at_target_sens": 2.5820151917964936e-15,
        "specificity_at_target_sens": 0.0,
        "ppv_at_target_sens": 0.11368142762723067,
        "npv_at_target_sens": 0.0,
        "ece": 0.20301352438356254,
        "mce": 0.4215386354562008,
        "n_samples": 1513,
        "n_positive": 172,
        "n_negative": 1341
      }
    },
    {
      "name": "teacher_resnet50_focal",
      "type": "teacher",
      "completed": true,
      "metrics": {
        "accuracy": 0.3536021150033047,
        "precision": 0.1489547038327526,
        "recall": 0.9941860465116279,
        "f1": 0.2590909090909091,
        "specificity": 0.2714392244593587,
        "roc_auc": 0.8658368451173196,
        "pr_auc": 0.3811937295760184,
        "threshold_at_target_sens": 0.010949327610433102,
        "specificity_at_target_sens": 0.0,
        "ppv_at_target_sens": 0.11368142762723067,
        "npv_at_target_sens": 0.0,
        "ece": 0.5592341652264362,
        "mce": 0.6531241504018178,
        "n_samples": 1513,
        "n_positive": 172,
        "n_negative": 1341
      }
    },
    {
      "name": "teacher_resnet101_focal",
      "type": "teacher",
      "completed": true,
      "metrics": {
        "accuracy": 0.783212161269002,
        "precision": 0.3219178082191781,
        "recall": 0.8197674418604651,
        "f1": 0.46229508196721314,
        "specificity": 0.7785234899328859,
        "roc_auc": 0.8870246085011185,
        "pr_auc": 0.47317856224747556,
        "threshold_at_target_sens": 0.020746277645230293,
        "specificity_at_target_sens": 0.0,
        "ppv_at_target_sens": 0.11368142762723067,
        "npv_at_target_sens": 0.0,
        "ece": 0.21913692796872458,
        "mce": 0.48339174191157025,
        "n_samples": 1513,
        "n_positive": 172,
        "n_negative": 1341
      }
    },
    {
      "name": "teacher_resnet152_focal",
      "type": "teacher",
      "completed": true,
      "metrics": {
        "accuracy": 0.7937871777924653,
        "precision": 0.3372093023255814,
        "recall": 0.8430232558139535,
        "f1": 0.48172757475083056,
        "specificity": 0.7874720357941835,
        "roc_auc": 0.9004604339004214,
        "pr_auc": 0.5477655343587836,
        "threshold_at_target_sens": 5.786284784647933e-09,
        "specificity_at_target_sens": 0.0,
        "ppv_at_target_sens": 0.11368142762723067,
        "npv_at_target_sens": 0.0,
        "ece": 0.21780875635438618,
        "mce": 0.8121976256370544,
        "n_samples": 1513,
        "n_positive": 172,
        "n_negative": 1341
      }
    },
    {
      "name": "teacher_efficientnet_b0_focal",
      "type": "teacher",
      "completed": true,
      "metrics": {
        "accuracy": 0.8625247851949769,
        "precision": 0.43617021276595747,
        "recall": 0.7151162790697675,
        "f1": 0.5418502202643172,
        "specificity": 0.8814317673378076,
        "roc_auc": 0.9095997433362816,
        "pr_auc": 0.6339154534389577,
        "threshold_at_target_sens": 0.00043864769395440817,
        "specificity_at_target_sens": 0.0,
        "ppv_at_target_sens": 0.11368142762723067,
        "npv_at_target_sens": 0.0,
        "ece": 0.1478869815289935,
        "mce": 0.31727862289582176,
        "n_samples": 1513,
        "n_positive": 172,
        "n_negative": 1341
      }
    },
    {
      "name": "teacher_efficientnet_b1_focal",
      "type": "teacher",
      "completed": true,
      "metrics": {
        "accuracy": 0.8942498347653668,
        "precision": 0.524390243902439,
        "recall": 0.75,
        "f1": 0.6172248803827751,
        "specificity": 0.912751677852349,
        "roc_auc": 0.9242018278618872,
        "pr_auc": 0.7124415675446466,
        "threshold_at_target_sens": 0.004178446717560291,
        "specificity_at_target_sens": 0.0,
        "ppv_at_target_sens": 0.11368142762723067,
        "npv_at_target_sens": 0.0,
        "ece": 0.1577771719980933,
        "mce": 0.31581844212645194,
        "n_samples": 1513,
        "n_positive": 172,
        "n_negative": 1341
      }
    },
    {
      "name": "teacher_efficientnet_b2_focal",
      "type": "teacher",
      "completed": true,
      "metrics": {
        "accuracy": 0.9015201586252478,
        "precision": 0.558974358974359,
        "recall": 0.6337209302325582,
        "f1": 0.5940054495912807,
        "specificity": 0.935868754660701,
        "roc_auc": 0.9044556301267711,
        "pr_auc": 0.6611970527631207,
        "threshold_at_target_sens": 5.478248931467533e-05,
        "specificity_at_target_sens": 0.0,
        "ppv_at_target_sens": 0.11368142762723067,
        "npv_at_target_sens": 0.0,
        "ece": 0.053805750325046385,
        "mce": 0.3466941773891449,
        "n_samples": 1513,
        "n_positive": 172,
        "n_negative": 1341
      }
    },
    {
      "name": "teacher_efficientnet_b3_focal",
      "type": "teacher",
      "completed": true,
      "metrics": {
        "accuracy": 0.8955717118307998,
        "precision": 0.5364583333333334,
        "recall": 0.5988372093023255,
        "f1": 0.5659340659340659,
        "specificity": 0.9336316181953765,
        "roc_auc": 0.9114510171166952,
        "pr_auc": 0.6338879955556239,
        "threshold_at_target_sens": 0.00012743395927827805,
        "specificity_at_target_sens": 0.0,
        "ppv_at_target_sens": 0.11368142762723067,
        "npv_at_target_sens": 0.0,
        "ece": 0.06204392057914293,
        "mce": 0.3647016684214274,
        "n_samples": 1513,
        "n_positive": 172,
        "n_negative": 1341
      }
    },
    {
      "name": "teacher_efficientnet_b4_focal",
      "type": "teacher",
      "completed": true,
      "metrics": {
        "accuracy": 0.8949107732980833,
        "precision": 0.5305164319248826,
        "recall": 0.6569767441860465,
        "f1": 0.587012987012987,
        "specificity": 0.9254287844891872,
        "roc_auc": 0.9046919168270815,
        "pr_auc": 0.6325352134195338,
        "threshold_at_target_sens": 7.546997221652418e-05,
        "specificity_at_target_sens": 0.0,
        "ppv_at_target_sens": 0.11368142762723067,
        "npv_at_target_sens": 0.0,
        "ece": 0.09594233287036694,
        "mce": 0.34861514559933837,
        "n_samples": 1513,
        "n_positive": 172,
        "n_negative": 1341
      }
    },
    {
      "name": "teacher_efficientnet_b5_focal",
      "type": "teacher",
      "completed": true,
      "metrics": {
        "accuracy": 0.8274950429610046,
        "precision": 0.3780821917808219,
        "recall": 0.8023255813953488,
        "f1": 0.5139664804469274,
        "specificity": 0.8307233407904548,
        "roc_auc": 0.8979805074311084,
        "pr_auc": 0.5572671670415308,
        "threshold_at_target_sens": 0.01628541760146618,