{
  "generated": "2025-11-27T19:44:03.313926",
  "experiments": [
    {
      "name": "teacher_resnet18_focal",
      "type": "teacher",
      "completed": true,
      "metrics": {
        "accuracy": 0.8030403172504957,
        "precision": 0.34405940594059403,
        "recall": 0.8081395348837209,
        "f1": 0.4826388888888889,
        "specificity": 0.8023862788963461,
        "roc_auc": 0.9016657128487939,
        "pr_auc": 0.5630245535919599,
        "threshold_at_target_sens": 5.364253411244135e-06,
        "specificity_at_target_sens": 0.0,
        "ppv_at_target_sens": 0.11368142762723067,
        "npv_at_target_sens": 0.0,
        "ece": 0.19371618507263763,
        "mce": 0.4122130943953625,
        "n_samples": 1513,
        "n_positive": 172,
        "n_negative": 1341
      }
    },
    {
      "name": "teacher_resnet34_focal",
      "type": "teacher",
      "completed": true,
      "metrics": {
        "accuracy": 0.813615333773959,
        "precision": 0.35602094240837695,
        "recall": 0.7906976744186046,
        "f1": 0.49097472924187724,
        "specificity": 0.8165548098434005,
        "roc_auc": 0.8990643913774865,
        "pr_auc": 0.5631964619319713,
        "threshold_at_target_sens": 2.5820151917964936e-15,
        "specificity_at_target_sens": 0.0,
        "ppv_at_target_sens": 0.11368142762723067,
        "npv_at_target_sens": 0.0,
        "ece": 0.20301352438356254,
        "mce": 0.4215386354562008,
        "n_samples": 1513,
        "n_positive": 172,
        "n_negative": 1341
      }
    },
    {
      "name": "teacher_resnet50_focal",
      "type": "teacher",
      "completed": true,
      "metrics": {
        "accuracy": 0.8605419695968275,
        "precision": 0.43252595155709345,
        "recall": 0.7267441860465116,
        "f1": 0.5422993492407809,
        "specificity": 0.877703206562267,
        "roc_auc": 0.894897941487609,
        "pr_auc": 0.5464201589544686,
        "threshold_at_target_sens": 0.003653732594102621,
        "specificity_at_target_sens": 0.0,
        "ppv_at_target_sens": 0.11368142762723067,
        "npv_at_target_sens": 0.0,
        "ece": 0.17404674316503435,
        "mce": 0.4875534574190776,
        "n_samples": 1513,
        "n_positive": 172,
        "n_negative": 1341
      }
    },
    {
      "name": "teacher_resnet101_focal",
      "type": "teacher",
      "completed": true,
      "metrics": {
        "accuracy": 0.783212161269002,
        "precision": 0.3219178082191781,
        "recall": 0.8197674418604651,
        "f1": 0.46229508196721314,
        "specificity": 0.7785234899328859,
        "roc_auc": 0.8870246085011185,
        "pr_auc": 0.47317856224747556,
        "threshold_at_target_sens": 0.020746277645230293,
        "specificity_at_target_sens": 0.0,
        "ppv_at_target_sens": 0.11368142762723067,
        "npv_at_target_sens": 0.0,
        "ece": 0.21913692796872458,
        "mce": 0.48339174191157025,
        "n_samples": 1513,
        "n_positive": 172,
        "n_negative": 1341
      }
    },
    {
      "name": "teacher_resnet152_focal",
      "type": "teacher",
      "completed": true,
      "metrics": {
        "accuracy": 0.7937871777924653,
        "precision": 0.3372093023255814,
        "recall": 0.8430232558139535,
        "f1": 0.48172757475083056,
        "specificity": 0.7874720357941835,
        "roc_auc": 0.9004604339004214,
        "pr_auc": 0.5477655343587836,
        "threshold_at_target_sens": 5.786284784647933e-09,
        "specificity_at_target_sens": 0.0,
        "ppv_at_target_sens": 0.11368142762723067,
        "npv_at_target_sens": 0.0,
        "ece": 0.21780875635438618,
        "mce": 0.8121976256370544,
        "n_samples": 1513,
        "n_positive": 172,
        "n_negative": 1341
      }
    },
    {
      "name": "student_T1.0_alpha0.5",
      "type": "student",
      "completed": true,
      "metrics": {
        "accuracy": 0.8017184401850628,
        "precision": 0.34615384615384615,
        "recall": 0.8372093023255814,
        "f1": 0.4897959183673469,
        "specificity": 0.7971662938105891,
        "roc_auc": 0.9179109654371087,
        "pr_auc": 0.6653776264932696,
        "threshold_at_target_sens": 0.0018307388527318835,
        "specificity_at_target_sens": 0.0,
        "ppv_at_target_sens": 0.11368142762723067,
        "npv_at_target_sens": 0.0,
        "ece": 0.2220174747630609,
        "mce": 0.4200779638792339,
        "n_samples": 1513,
        "n_positive": 172,
        "n_negative": 1341
      }
    },
    {
      "name": "student_T1.0_alpha0.9",
      "type": "student",
      "completed": true,
      "metrics": {
        "accuracy": 0.8374091209517515,
        "precision": 0.391812865497076,
        "recall": 0.7790697674418605,
        "f1": 0.5214007782101168,
        "specificity": 0.8448918717375093,
        "roc_auc": 0.9065778748937794,
        "pr_auc": 0.6069690603597653,
        "threshold_at_target_sens": 0.0007528837886638939,
        "specificity_at_target_sens": 0.0,
        "ppv_at_target_sens": 0.11368142762723067,
        "npv_at_target_sens": 0.0,
        "ece": 0.19755290598859082,
        "mce": 0.37170317478296233,
        "n_samples": 1513,
        "n_positive": 172,
        "n_negative": 1341
      }
    },
    {
      "name": "student_T2.0_alpha0.5",
      "type": "student",
      "completed": true,
      "metrics": {
        "accuracy": 0.8420356906807667,
        "precision": 0.4034582132564842,
        "recall": 0.813953488372093,
        "f1": 0.5394990366088632,
        "specificity": 0.8456375838926175,
        "roc_auc": 0.9206076686956975,
        "pr_auc": 0.6662880469074935,
        "threshold_at_target_sens": 2.0366519137837713e-08,
        "specificity_at_target_sens": 0.0,
        "ppv_at_target_sens": 0.11368142762723067,
        "npv_at_target_sens": 0.0,
        "ece": 0.19717880027702286,
        "mce": 0.37079921235208924,
        "n_samples": 1513,
        "n_positive": 172,
        "n_negative": 1341
      }
    },
    {
      "name": "student_T2.0_alpha0.9",
      "type": "student",
      "completed": true,
      "metrics": {
        "accuracy": 0.8321216126900198,
        "precision": 0.38285714285714284,
        "recall": 0.7790697674418605,
        "f1": 0.5134099616858238,
        "specificity": 0.8389261744966443,
        "roc_auc": 0.9012104815913151,
        "pr_auc": 0.5923853206004224,
        "threshold_at_target_sens": 1.7183720046887174e-05,
        "specificity_at_target_sens": 0.0,
        "ppv_at_target_sens": 0.11368142762723067,
        "npv_at_target_sens": 0.0,
        "ece": 0.20637446315928318,
        "mce": 0.38607028428088414,
        "n_samples": 1513,
        "n_positive": 172,
        "n_negative": 1341
      }
    },
    {
      "name": "quantized_dynamic",
      "type": "quantization",
      "completed": false,
      "metrics": null
    }
  ],
  "summary": {
    "total": 10,
    "completed": 9,
    "missing": [
      "quantized_dynamic"
    ]
  }
}