{"mean_fit_time": [29.567438220977785, 32.50554032325745, 41.326188039779666, 84.54284448623658, 22.425137042999268, 29.095583343505858, 18.974472761154175, 140.13488297462465, 58.69627380371094, 38.85492134094238, 8.013675737380982, 14.121942806243897, 22.81049590110779, 65.87052178382874, 14.446984720230102, 43.327596282958986, 268.7631820201874, 22.902743291854858, 14.923610877990722, 137.20996761322021, 7.715163707733154, 62.15541281700134, 16.03707766532898, 15.487887954711914, 8.226098346710206, 27.283640480041505, 26.873095989227295, 17.47474937438965, 53.310256242752075, 30.41573214530945, 53.661647701263426, 23.568012046813966, 323.0397117614746, 33.498875856399536, 103.021604347229, 183.63465027809144, 365.5070785999298, 24.67837538719177, 50.63198080062866, 17.00085406303406], "std_fit_time": [0.22992729708183948, 0.10552174561757292, 0.38284205857434067, 0.22985391424394322, 0.09448004061404473, 0.4837418558416462, 0.28265901301726815, 1.2537532896812806, 0.4228679764523261, 1.0592629354727665, 0.08351627967835128, 0.1096986245859702, 0.3199308980815684, 0.3234541345310182, 0.17497604135857125, 0.6205099393790595, 5.941686458865368, 0.18283888424626216, 0.18839999690394557, 3.015422624784274, 0.08349375391248477, 0.6423320517800447, 0.4186231414227287, 0.38604682546338304, 0.09226114893822597, 0.20513277039927855, 2.654997384716437, 1.6492838261153233, 0.6257494597892331, 0.29751329961002976, 0.6091704922919822, 0.44116212411678474, 258.5459266347035, 3.6119965779590513, 128.2725615092648, 181.98778829784362, 478.70143966932244, 0.2934519692210839, 0.35372696067911596, 2.167709861466626], "mean_score_time": [0.12529535293579103, 0.09547343254089355, 0.08636059761047363, 0.19680094718933105, 0.09173531532287597, 0.07941603660583496, 0.08646197319030761, 0.2455009937286377, 0.2550484657287598, 0.07739405632019043, 0.042065906524658206, 0.08393888473510742, 0.10016441345214844, 0.25737996101379396, 0.0638453483581543, 0.0626194953918457, 0.19650697708129883, 0.12690143585205077, 0.08489537239074707, 0.5116925716400147, 0.052281951904296874, 0.15317511558532715, 0.06302008628845215, 0.06360821723937989, 0.03136177062988281, 0.11336994171142578, 0.14729485511779786, 0.05737462043762207, 0.4237717628479004, 0.13817887306213378, 0.1928227424621582, 0.10132513046264649, 1.1737238407135009, 0.8069166660308837, 0.23281683921813964, 0.7294590473175049, 0.22874202728271484, 0.059279441833496094, 0.10094494819641113, 0.043608999252319335], "std_score_time": [0.03485677743166299, 0.024845542836541896, 0.022522933036611632, 0.0868131460297627, 0.038888697796627805, 0.04333275354734978, 0.02102469976958591, 0.045046070414643674, 0.03180974603762085, 0.021319473252678443, 0.011142429018090936, 0.03515943556820051, 0.01745579497031176, 0.04953306064323225, 0.022883508552194815, 0.01756930145092262, 0.01758556608809856, 0.024699266973585737, 0.02201396807923769, 0.06874204187582532, 0.014635932273933824, 0.02217421587258874, 0.026564238576402756, 0.010779588305090865, 0.009211090375873855, 0.04478150697081337, 0.041233566072102636, 0.024475958397586865, 0.06331637646752136, 0.025360148258106775, 0.06396249467786218, 0.027670839497444852, 1.0619505511685956, 1.3053932245864002, 0.2479645710502455, 0.7301785772859769, 0.3332263714879129, 0.0170726945188132, 0.04139149037622766, 0.010528605749344692], "param_min_samples_leaf": [1, 2, 4, 2, 10, 2, 10, 4, 4, 4, 1, 10, 4, 10, 4, 4, 4, 1, 2, 1, 2, 1, 1, 4, 1, 10, 10, 4, 2, 4, 4, 10, 4, 2, 4, 1, 1, 10, 1, 1], "param_max_leaf_nodes": [63, null, null, null, 127, 63, 63, null, 63, null, 31, 31, 127, 127, 63, null, null, 31, 31, null, 31, 127, 31, 63, 31, 63, 63, 63, 63, 63, 127, 127, null, 63, null, 63, null, 127, 127, 63], "param_max_iter": [200, 400, 100, 200, 100, 200, 200, 400, 400, 100, 100, 200, 200, 400, 100, 100, 200, 400, 200, 400, 100, 200, 200, 100, 100, 200, 400, 100, 400, 200, 200, 100, 400, 200, 100, 400, 200, 100, 200, 100], "param_learning_rate": [0.05, 0.2, 0.05, 0.1, 0.2, 0.01, 0.2, 0.03, 0.03, 0.1, 0.05, 0.03, 0.2, 0.2, 0.05, 0.03, 0.01, 0.2, 0.03, 0.1, 0.2, 0.05, 0.01, 0.05, 0.01, 0.01, 0.2, 0.01, 0.2, 0.03, 0.05, 0.05, 0.05, 0.1, 0.05, 0.2, 0.03, 0.03, 0.1, 0.2], "param_l2_regularization": [0.1, 0.001, 0.001, 0.1, 0.1, 0.001, 0.0, 0.001, 0.0, 0.1, 0.01, 0.0, 0.0, 0.1, 0.01, 0.01, 0.0, 0.001, 0.1, 0.1, 0.1, 0.0, 0.1, 0.001, 0.1, 0.0, 0.0, 0.01, 0.1, 0.0, 0.01, 0.0, 0.01, 0.0, 0.1, 0.01, 0.001, 0.0, 0.0, 0.1],