{
  "accuracy": 0.9048248512888302,
  "precision": 0.5608695652173913,
  "recall": 0.75,
  "f1": 0.6417910447761194,
  "specificity": 0.9246830723340791,
  "roc_auc": 0.9213533808508056,
  "pr_auc": 0.6634238311584342,
  "threshold_at_target_sens": 0.0001843140198616311,
  "specificity_at_target_sens": 0.0,
  "ppv_at_target_sens": 0.11368142762723067,
  "npv_at_target_sens": 0.0,
  "ece": 0.07213715367112739,
  "mce": 0.3554589461397242,
  "n_samples": 1513,
  "n_positive": 172,
  "n_negative": 1341
}