{
  "accuracy": 0.8017184401850628,
  "precision": 0.34615384615384615,
  "recall": 0.8372093023255814,
  "f1": 0.4897959183673469,
  "specificity": 0.7971662938105891,
  "roc_auc": 0.9179109654371087,
  "pr_auc": 0.6653776264932696,
  "threshold_at_target_sens": 0.0018307388527318835,
  "specificity_at_target_sens": 0.0,
  "ppv_at_target_sens": 0.11368142762723067,
  "npv_at_target_sens": 0.0,
  "ece": 0.2220174747630609,
  "mce": 0.4200779638792339,
  "n_samples": 1513,
  "n_positive": 172,
  "n_negative": 1341
}